"Дата операции";"Дата платежа";"Номер карты";"Статус";"Сумма операции";"Валюта операции";"Сумма платежа";"Валюта платежа";"Кэшбэк";"Категория";"MCC";"Описание";"Бонусы (включая кэшбэк)";"Округление на инвесткопилку";"Сумма операции с округлением"
"18.04.2025 17:18:46";"18.04.2025";"";"OK";"8000,00";"RUB";"8000,00";"RUB";"";"Переводы";"";"Перевод между счетами";"0,00";"0,00";"8000,00"
"18.04.2025 17:18:46";"18.04.2025";"";"OK";"-8000,00";"RUB";"-8000,00";"RUB";"";"Переводы";"";"Перевод между счетами";"0,00";"0,00";"8000,00"
"18.04.2025 17:18:30";"18.04.2025";"";"OK";"3000,00";"RUB";"3000,00";"RUB";"";"Переводы";"";"Перевод между счетами";"0,00";"0,00";"3000,00"
"18.04.2025 17:18:29";"18.04.2025";"";"OK";"-3000,00";"RUB";"-3000,00";"RUB";"";"Переводы";"";"Перевод между счетами";"0,00";"0,00";"3000,00"
"18.04.2025 01:51:46";"18.04.2025";"*8596";"OK";"11593,15";"RUB";"11593,15";"RUB";"";"Вклады";"";"Начисление процентов по вкладу Т-Банк";"0,00";"0,00";"11593,15"
"16.04.2025 15:17:57";"16.04.2025";"*8596";"OK";"-130,00";"RUB";"-130,00";"RUB";"1";"Фастфуд";"5814";"Столовая";"1,00";"0,00";"130,00"
"16.04.2025 13:02:54";"16.04.2025";"";"OK";"-100,00";"RUB";"-100,00";"RUB";"";"Различные товары";"5734";"Hitvpn";"0,00";"0,00";"100,00"
"15.04.2025 17:07:09";"15.04.2025";"";"OK";"-4,00";"RUB";"-4,00";"RUB";"";"Переводы";"";"Перевод округлений";"0,00";"0,00";"4,00"
"15.04.2025 17:07:08";"15.04.2025";"";"OK";"-1016,00";"RUB";"-1016,00";"RUB";"121";"Животные";"5995";"ЗооОптТоргРФ";"121,92";"0,00";"1016,00"
"15.04.2025 13:48:11";"15.04.2025";"";"OK";"-109,00";"RUB";"-109,00";"RUB";"";"Переводы";"";"Александра Х.";"0,00";"0,00";"109,00"
"15.04.2025 12:41:53";"15.04.2025";"";"OK";"-299,00";"RUB";"-299,00";"RUB";"";"Другое";"";"Подписка pro";"0,00";"0,00";"299,00"
"15.04.2025 11:13:33";"15.04.2025";"";"OK";"2071,20";"RUB";"2071,20";"RUB";"";"Переводы";"";"Перевод между счетами";"0,00";"0,00";"2071,20"
"15.04.2025 11:13:32";"15.04.2025";"";"OK";"-2071,20";"RUB";"-2071,20";"RUB";"";"Переводы";"";"Перевод между счетами";"0,00";"0,00";"2071,20"
"15.04.2025 11:08:47";"15.04.2025";"";"OK";"-1200,00";"RUB";"-1200,00";"RUB";"";"Переводы";"";"Александра Х.";"0,00";"0,00";"1200,00"
"15.04.2025 10:40:10";"15.04.2025";"";"OK";"5000,00";"RUB";"5000,00";"RUB";"";"Переводы";"";"Михаил С.";"0,00";"0,00";"5000,00"
"15.04.2025 10:35:20";"15.04.2025";"*8596";"OK";"5000,00";"RUB";"5000,00";"RUB";"";"Переводы";"";"Михаил С.";"0,00";"0,00";"5000,00"
"15.04.2025 09:28:51";"15.04.2025";"";"OK";"-1,60";"RUB";"-1,60";"RUB";"";"Переводы";"";"Перевод округлений";"0,00";"0,00";"1,60"
"15.04.2025 09:28:50";"15.04.2025";"*8596";"OK";"-838,40";"RUB";"-838,40";"RUB";"41";"Аптеки";"5912";"Аптека";"41,00";"0,00";"838,40"
"15.04.2025 09:07:17";"15.04.2025";"";"OK";"1000,00";"RUB";"1000,00";"RUB";"";"Переводы";"";"Перевод между счетами";"0,00";"0,00";"1000,00"
"15.04.2025 09:07:16";"15.04.2025";"";"OK";"-1000,00";"RUB";"-1000,00";"RUB";"";"Переводы";"";"Перевод между счетами";"0,00";"0,00";"1000,00"
"14.04.2025 15:51:42";"14.04.2025";"";"OK";"-8,00";"RUB";"-8,00";"RUB";"";"Переводы";"";"Перевод округлений";"0,00";"0,00";"8,00"
"14.04.2025 15:51:42";"14.04.2025";"*8596";"OK";"-132,00";"RUB";"-132,00";"RUB";"1";"Фастфуд";"5814";"Пекарня";"1,00";"0,00";"132,00"
"14.04.2025 15:50:08";"14.04.2025";"";"OK";"-0,02";"RUB";"-0,02";"RUB";"";"Переводы";"";"Перевод округлений";"0,00";"0,00";"0,02"
"14.04.2025 15:50:08";"14.04.2025";"*8596";"OK";"-169,98";"RUB";"-169,98";"RUB";"1";"Супермаркеты";"5411";"Монетка";"1,00";"0,00";"169,98"
"14.04.2025 13:11:02";"14.04.2025";"";"OK";"-8,08";"RUB";"-8,08";"RUB";"";"Переводы";"";"Перевод округлений";"0,00";"0,00";"8,08"
"14.04.2025 13:11:01";"14.04.2025";"*8596";"OK";"-51,92";"RUB";"-51,92";"RUB";"";"Развлечения";"7999";"Whoosh";"0,00";"0,00";"51,92"
"13.04.2025 23:26:21";"13.04.2025";"";"OK";"-71,20";"RUB";"-71,20";"RUB";"";"Услуги банка";"";"Плата за Программу страховой защиты";"0,00";"0,00";"71,20"
"13.04.2025 22:35:15";"13.04.2025";"";"OK";"114,50";"RUB";"114,50";"RUB";"";"Проценты";"";"Проценты на остаток";"0,00";"0,00";"114,50"
"13.04.2025 15:40:02";"13.04.2025";"";"OK";"-5,00";"RUB";"-5,00";"RUB";"";"Переводы";"";"Перевод округлений";"0,00";"0,00";"5,00"
"13.04.2025 15:40:01";"13.04.2025";"*8596";"OK";"-975,00";"RUB";"-975,00";"RUB";"9";"Супермаркеты";"3990";"Яндекс Лавка";"9,00";"0,00";"975,00"
"13.04.2025 15:34:36";"13.04.2025";"";"OK";"1000,00";"RUB";"1000,00";"RUB";"";"Переводы";"";"Перевод между счетами";"0,00";"0,00";"1000,00"
"13.04.2025 15:34:35";"13.04.2025";"";"OK";"-1000,00";"RUB";"-1000,00";"RUB";"";"Переводы";"";"Перевод между счетами";"0,00";"0,00";"1000,00"
"13.04.2025 07:46:36";"13.04.2025";"*8596";"OK";"-439,97";"RUB";"-439,97";"RUB";"4";"Супермаркеты";"5411";"Монетка";"4,00";"0,00";"439,97"
"13.04.2025 07:46:36";"13.04.2025";"";"OK";"-0,03";"RUB";"-0,03";"RUB";"";"Переводы";"";"Перевод округлений";"0,00";"0,00";"0,03"
"13.04.2025 07:46:28";"13.04.2025";"";"OK";"500,00";"RUB";"500,00";"RUB";"";"Переводы";"";"Перевод между счетами";"0,00";"0,00";"500,00"
"13.04.2025 07:46:27";"13.04.2025";"";"OK";"-500,00";"RUB";"-500,00";"RUB";"";"Переводы";"";"Перевод между счетами";"0,00";"0,00";"500,00"
"12.04.2025 19:51:22";"12.04.2025";"*8596";"OK";"-1110,00";"RUB";"-1110,00";"RUB";"11";"Фастфуд";"5814";"Додо Пицца";"11,00";"0,00";"1110,00"
"12.04.2025 19:51:07";"12.04.2025";"";"OK";"1000,00";"RUB";"1000,00";"RUB";"";"Переводы";"";"Перевод между счетами";"0,00";"0,00";"1000,00"
"12.04.2025 19:51:06";"12.04.2025";"";"OK";"-1000,00";"RUB";"-1000,00";"RUB";"";"Переводы";"";"Перевод между счетами";"0,00";"0,00";"1000,00"
"12.04.2025 15:37:20";"12.04.2025";"";"OK";"-0,06";"RUB";"-0,06";"RUB";"";"Переводы";"";"Перевод округлений";"0,00";"0,00";"0,06"
"12.04.2025 15:37:20";"12.04.2025";"*8596";"OK";"-259,94";"RUB";"-259,94";"RUB";"2";"Супермаркеты";"5411";"Монетка";"2,00";"0,00";"259,94"
"12.04.2025 15:30:29";"12.04.2025";"*8596";"OK";"-720,00";"RUB";"-720,00";"RUB";"7";"Книги";"5942";"Читай-город";"7,00";"0,00";"720,00"
"12.04.2025 15:27:34";"12.04.2025";"";"OK";"1000,00";"RUB";"1000,00";"RUB";"";"Переводы";"";"Перевод между счетами";"0,00";"0,00";"1000,00"
"12.04.2025 15:27:33";"12.04.2025";"";"OK";"-1000,00";"RUB";"-1000,00";"RUB";"";"Переводы";"";"Перевод между счетами";"0,00";"0,00";"1000,00"
"12.04.2025 15:07:00";"12.04.2025";"*8596";"OK";"-135,00";"RUB";"-135,00";"RUB";"1";"Фастфуд";"5814";"Столовая";"1,00";"0,00";"135,00"
"12.04.2025 15:07:00";"12.04.2025";"";"OK";"-5,00";"RUB";"-5,00";"RUB";"";"Переводы";"";"Перевод округлений";"0,00";"0,00";"5,00"
"12.04.2025 09:10:12";"12.04.2025";"*8596";"OK";"-334,56";"RUB";"-334,56";"RUB";"3";"Супермаркеты";"5411";"Лента";"3,00";"0,00";"334,56"
"12.04.2025 09:10:12";"12.04.2025";"";"OK";"-5,44";"RUB";"-5,44";"RUB";"";"Переводы";"";"Перевод округлений";"0,00";"0,00";"5,44"
"12.04.2025 09:06:54";"12.04.2025";"";"OK";"500,00";"RUB";"500,00";"RUB";"";"Переводы";"";"Перевод между счетами";"0,00";"0,00";"500,00"
"12.04.2025 09:06:53";"12.04.2025";"";"OK";"-500,00";"RUB";"-500,00";"RUB";"";"Переводы";"";"Перевод между счетами";"0,00";"0,00";"500,00"
"12.04.2025 09:03:03";"12.04.2025";"";"OK";"-8,00";"RUB";"-8,00";"RUB";"";"Переводы";"";"Перевод округлений";"0,00";"0,00";"8,00"
"12.04.2025 09:03:02";"12.04.2025";"*8596";"OK";"-452,00";"RUB";"-452,00";"RUB";"22";"Такси";"3990";"Яндекс Такси";"22,00";"0,00";"452,00"
"12.04.2025 06:59:17";"12.04.2025";"*8596";"OK";"-306,00";"RUB";"-306,00";"RUB";"15";"Такси";"3990";"Яндекс Такси";"15,00";"0,00";"306,00"
"12.04.2025 06:59:17";"12.04.2025";"";"OK";"-4,00";"RUB";"-4,00";"RUB";"";"Переводы";"";"Перевод округлений";"0,00";"0,00";"4,00"
"12.04.2025 06:42:36";"12.04.2025";"*8596";"OK";"-79,99";"RUB";"-79,99";"RUB";"";"Супермаркеты";"5411";"Лента";"0,00";"0,00";"79,99"
"12.04.2025 06:42:36";"12.04.2025";"";"OK";"-0,01";"RUB";"-0,01";"RUB";"";"Переводы";"";"Перевод округлений";"0,00";"0,00";"0,01"
"11.04.2025 20:57:04";"11.04.2025";"";"OK";"1000,00";"RUB";"1000,00";"RUB";"";"Переводы";"";"Перевод между счетами";"0,00";"0,00";"1000,00"
"11.04.2025 20:57:03";"11.04.2025";"";"OK";"-1000,00";"RUB";"-1000,00";"RUB";"";"Переводы";"";"Перевод между счетами";"0,00";"0,00";"1000,00"
"11.04.2025 10:15:41";"11.04.2025";"";"OK";"-7,04";"RUB";"-7,04";"RUB";"";"Переводы";"";"Перевод округлений";"0,00";"0,00";"7,04"
"11.04.2025 10:15:40";"11.04.2025";"*8596";"OK";"-532,96";"RUB";"-532,96";"RUB";"5";"Супермаркеты";"5411";"Пятёрочка";"5,00";"0,00";"532,96"
"11.04.2025 10:14:12";"11.04.2025";"";"OK";"500,00";"RUB";"500,00";"RUB";"";"Переводы";"";"Перевод между счетами";"0,00";"0,00";"500,00"
"11.04.2025 10:14:11";"11.04.2025";"";"OK";"-500,00";"RUB";"-500,00";"RUB";"";"Переводы";"";"Перевод между счетами";"0,00";"0,00";"500,00"
"11.04.2025 08:20:27";"11.04.2025";"";"OK";"-9,00";"RUB";"-9,00";"RUB";"";"Переводы";"";"Перевод округлений";"0,00";"0,00";"9,00"
"11.04.2025 08:20:27";"11.04.2025";"";"OK";"-991,00";"RUB";"-991,00";"RUB";"118";"Животные";"5995";"ЗооОптТоргРФ";"118,92";"0,00";"991,00"
"11.04.2025 08:17:01";"11.04.2025";"";"OK";"-1000,00";"RUB";"-1000,00";"RUB";"";"Переводы";"";"Перевод между счетами";"0,00";"0,00";"1000,00"
"11.04.2025 08:17:01";"11.04.2025";"";"OK";"1000,00";"RUB";"1000,00";"RUB";"";"Переводы";"";"Перевод между счетами";"0,00";"0,00";"1000,00"
"10.04.2025 14:50:46";"10.04.2025";"";"OK";"-2,03";"RUB";"-2,03";"RUB";"";"Переводы";"";"Перевод округлений";"0,00";"0,00";"2,03"
"10.04.2025 14:50:45";"10.04.2025";"*8596";"OK";"-157,97";"RUB";"-157,97";"RUB";"1";"Супермаркеты";"5411";"Пятёрочка";"1,00";"0,00";"157,97"
"10.04.2025 14:33:37";"10.04.2025";"";"OK";"-1,00";"RUB";"-1,00";"RUB";"";"Переводы";"";"Перевод округлений";"0,00";"0,00";"1,00"
"10.04.2025 14:33:37";"10.04.2025";"*8596";"OK";"-609,00";"RUB";"-609,00";"RUB";"30";"Животные";"5995";"ЗооОптТоргРФ";"30,00";"0,00";"609,00"
"10.04.2025 14:31:04";"10.04.2025";"";"OK";"1000,00";"RUB";"1000,00";"RUB";"";"Переводы";"";"Перевод между счетами";"0,00";"0,00";"1000,00"
"10.04.2025 14:31:03";"10.04.2025";"";"OK";"-1000,00";"RUB";"-1000,00";"RUB";"";"Переводы";"";"Перевод между счетами";"0,00";"0,00";"1000,00"
"10.04.2025 08:53:55";"10.04.2025";"";"OK";"-5,00";"RUB";"-5,00";"RUB";"";"Переводы";"";"Перевод округлений";"0,00";"0,00";"5,00"
"10.04.2025 08:53:54";"10.04.2025";"*8596";"OK";"-435,00";"RUB";"-435,00";"RUB";"4";"Супермаркеты";"3990";"Яндекс Лавка";"4,00";"0,00";"435,00"
"10.04.2025 08:30:22";"10.04.2025";"";"OK";"300,00";"RUB";"300,00";"RUB";"";"Переводы";"";"Перевод между счетами";"0,00";"0,00";"300,00"
"10.04.2025 08:30:21";"10.04.2025";"";"OK";"-300,00";"RUB";"-300,00";"RUB";"";"Переводы";"";"Перевод между счетами";"0,00";"0,00";"300,00"
"10.04.2025 07:08:49";"10.04.2025";"";"OK";"-1428,00";"RUB";"-1428,00";"RUB";"171";"Животные";"5995";"ЗооОптТоргРФ";"171,36";"0,00";"1428,00"
"10.04.2025 07:08:49";"10.04.2025";"";"OK";"-2,00";"RUB";"-2,00";"RUB";"";"Переводы";"";"Перевод округлений";"0,00";"0,00";"2,00"
"10.04.2025 07:07:16";"10.04.2025";"";"OK";"1500,00";"RUB";"1500,00";"RUB";"";"Переводы";"";"Перевод между счетами";"0,00";"0,00";"1500,00"
"10.04.2025 07:07:15";"10.04.2025";"";"OK";"-1500,00";"RUB";"-1500,00";"RUB";"";"Переводы";"";"Перевод между счетами";"0,00";"0,00";"1500,00"
"09.04.2025 19:46:38";"09.04.2025";"*8596";"OK";"-678,97";"RUB";"-678,97";"RUB";"6";"Супермаркеты";"5411";"Монетка";"6,00";"0,00";"678,97"
"09.04.2025 19:46:38";"09.04.2025";"";"OK";"-1,03";"RUB";"-1,03";"RUB";"";"Переводы";"";"Перевод округлений";"0,00";"0,00";"1,03"
"09.04.2025 19:18:40";"09.04.2025";"";"OK";"-500,00";"RUB";"-500,00";"RUB";"";"Переводы";"";"Перевод между счетами";"0,00";"0,00";"500,00"
"09.04.2025 19:18:40";"09.04.2025";"";"OK";"500,00";"RUB";"500,00";"RUB";"";"Переводы";"";"Перевод между счетами";"0,00";"0,00";"500,00"
"09.04.2025 18:11:17";"09.04.2025";"";"OK";"-700,00";"RUB";"-700,00";"RUB";"";"Переводы";"";"Александра Х.";"0,00";"0,00";"700,00"
"09.04.2025 14:19:28";"09.04.2025";"";"OK";"-0,03";"RUB";"-0,03";"RUB";"";"Переводы";"";"Перевод округлений";"0,00";"0,00";"0,03"
"09.04.2025 14:19:27";"09.04.2025";"*8596";"OK";"-349,97";"RUB";"-349,97";"RUB";"3";"Супермаркеты";"5411";"Монетка";"3,00";"0,00";"349,97"
"09.04.2025 14:17:23";"09.04.2025";"";"OK";"500,00";"RUB";"500,00";"RUB";"";"Переводы";"";"Перевод между счетами";"0,00";"0,00";"500,00"
"09.04.2025 14:17:22";"09.04.2025";"";"OK";"-500,00";"RUB";"-500,00";"RUB";"";"Переводы";"";"Перевод между счетами";"0,00";"0,00";"500,00"
"09.04.2025 13:01:07";"09.04.2025";"";"OK";"-7,50";"RUB";"-7,50";"RUB";"";"Переводы";"";"Перевод округлений";"0,00";"0,00";"7,50"
"09.04.2025 13:01:06";"09.04.2025";"*8596";"OK";"-52,50";"RUB";"-52,50";"RUB";"";"Развлечения";"7999";"Whoosh";"0,00";"0,00";"52,50"
"08.04.2025 19:32:47";"08.04.2025";"*8596";"OK";"-60,00";"RUB";"-60,00";"RUB";"";"Развлечения";"7999";"Whoosh";"0,00";"0,00";"60,00"
"08.04.2025 19:16:17";"08.04.2025";"";"OK";"-2,00";"RUB";"-2,00";"RUB";"";"Переводы";"";"Перевод округлений";"0,00";"0,00";"2,00"
"08.04.2025 19:16:16";"08.04.2025";"*8596";"OK";"-1408,00";"RUB";"-1408,00";"RUB";"14";"Фастфуд";"5814";"Суши-Маркет";"14,00";"0,00";"1408,00"
"08.04.2025 19:13:23";"08.04.2025";"";"OK";"500,00";"RUB";"500,00";"RUB";"";"Переводы";"";"Перевод между счетами";"0,00";"0,00";"500,00"
"08.04.2025 19:13:22";"08.04.2025";"";"OK";"-500,00";"RUB";"-500,00";"RUB";"";"Переводы";"";"Перевод между счетами";"0,00";"0,00";"500,00"
"08.04.2025 17:46:27";"08.04.2025";"*8596";"OK";"1000,00";"RUB";"1000,00";"RUB";"";"Переводы";"";"Михаил С.";"0,00";"0,00";"1000,00"
"08.04.2025 16:10:38";"08.04.2025";"";"OK";"-641,00";"RUB";"-641,00";"RUB";"";"Переводы";"";"Александра Х.";"0,00";"0,00";"641,00"
"08.04.2025 12:03:38";"08.04.2025";"*8596";"OK";"-498,00";"RUB";"-498,00";"RUB";"4";"Супермаркеты";"3990";"Яндекс Лавка";"4,00";"0,00";"498,00"
"08.04.2025 12:03:38";"08.04.2025";"";"OK";"-2,00";"RUB";"-2,00";"RUB";"";"Переводы";"";"Перевод округлений";"0,00";"0,00";"2,00"
"08.04.2025 10:59:31";"08.04.2025";"";"OK";"-1000,00";"RUB";"-1000,00";"RUB";"";"Переводы";"";"Михаил С.";"0,00";"0,00";"1000,00"
"07.04.2025 18:38:30";"07.04.2025";"";"OK";"9000,00";"RUB";"9000,00";"RUB";"";"Переводы";"";"Перевод между счетами";"0,00";"0,00";"9000,00"
"07.04.2025 18:38:29";"07.04.2025";"";"OK";"-9000,00";"RUB";"-9000,00";"RUB";"";"Переводы";"";"Перевод между счетами";"0,00";"0,00";"9000,00"
"07.04.2025 18:37:48";"07.04.2025";"";"OK";"1500,00";"RUB";"1500,00";"RUB";"";"Переводы";"";"Перевод между счетами";"0,00";"0,00";"1500,00"
"07.04.2025 18:37:47";"07.04.2025";"";"OK";"-1500,00";"RUB";"-1500,00";"RUB";"";"Переводы";"";"Перевод между счетами";"0,00";"0,00";"1500,00"
"07.04.2025 18:35:55";"07.04.2025";"";"OK";"-4,55";"RUB";"-4,55";"RUB";"";"Переводы";"";"Перевод округлений";"0,00";"0,00";"4,55"
"07.04.2025 18:35:54";"07.04.2025";"*8596";"OK";"-1285,45";"RUB";"-1285,45";"RUB";"12";"Супермаркеты";"5411";"Монетка";"12,00";"0,00";"1285,45"
"07.04.2025 16:45:28";"07.04.2025";"";"OK";"10000,00";"RUB";"10000,00";"RUB";"";"Переводы";"";"Перевод между счетами";"0,00";"0,00";"10000,00"
"07.04.2025 16:45:27";"07.04.2025";"";"OK";"-10000,00";"RUB";"-10000,00";"RUB";"";"Переводы";"";"Перевод между счетами";"0,00";"0,00";"10000,00"
"07.04.2025 16:23:30";"07.04.2025";"*8596";"OK";"-10000,00";"RUB";"-10000,00";"RUB";"";"Кредиты";"9999";"Досрочное погашение";"0,00";"0,00";"10000,00"
"07.04.2025 16:23:14";"07.04.2025";"";"OK";"-10000,00";"RUB";"-10000,00";"RUB";"";"Переводы";"";"Перевод между счетами";"0,00";"0,00";"10000,00"
"07.04.2025 16:23:14";"07.04.2025";"";"OK";"10000,00";"RUB";"10000,00";"RUB";"";"Переводы";"";"Перевод между счетами";"0,00";"0,00";"10000,00"
"07.04.2025 16:21:32";"07.04.2025";"";"OK";"3200,00";"RUB";"3200,00";"RUB";"";"Переводы";"";"Перевод между счетами";"0,00";"0,00";"3200,00"
"07.04.2025 16:21:31";"07.04.2025";"";"OK";"-3200,00";"RUB";"-3200,00";"RUB";"";"Переводы";"";"Перевод между счетами";"0,00";"0,00";"3200,00"
"07.04.2025 16:17:45";"07.04.2025";"";"OK";"-511,00";"RUB";"-511,00";"RUB";"";"Переводы";"";"Александра Х.";"0,00";"0,00";"511,00"
"07.04.2025 16:16:02";"07.04.2025";"*8596";"OK";"25000,00";"RUB";"25000,00";"RUB";"";"Переводы";"";"Александра Х.";"0,00";"0,00";"25000,00"
"07.04.2025 15:55:21";"07.04.2025";"";"OK";"-5,03";"RUB";"-5,03";"RUB";"";"Переводы";"";"Перевод округлений";"0,00";"0,00";"5,03"
"07.04.2025 15:55:21";"07.04.2025";"*8596";"OK";"-504,97";"RUB";"-504,97";"RUB";"5";"Супермаркеты";"5411";"Лента";"10,60";"0,00";"504,97"
"07.04.2025 15:49:23";"07.04.2025";"";"OK";"-5,00";"RUB";"-5,00";"RUB";"";"Переводы";"";"Перевод округлений";"0,00";"0,00";"5,00"
"07.04.2025 15:49:23";"07.04.2025";"*8596";"OK";"-585,00";"RUB";"-585,00";"RUB";"29";"Такси";"3990";"Яндекс Такси";"29,00";"0,00";"585,00"
"07.04.2025 13:50:31";"07.04.2025";"*8596";"OK";"-1200,00";"RUB";"-1200,00";"RUB";"12";"Рестораны";"5812";"Баден-Баден термы Уктус";"12,00";"0,00";"1200,00"
"07.04.2025 13:36:45";"07.04.2025";"*8596";"OK";"-1200,00";"RUB";"-1200,00";"RUB";"12";"Рестораны";"5812";"Баден-Баден термы Уктус";"12,00";"0,00";"1200,00"
"07.04.2025 12:41:22";"07.04.2025";"*8596";"OK";"-1370,00";"RUB";"-1370,00";"RUB";"13";"Рестораны";"5812";"Баден-Баден термы Уктус";"13,00";"0,00";"1370,00"
"07.04.2025 12:38:16";"07.04.2025";"*8596";"OK";"2000,00";"RUB";"2000,00";"RUB";"";"Переводы";"";"Михаил С.";"0,00";"0,00";"2000,00"
"07.04.2025 12:37:54";"07.04.2025";"*8596";"OK";"3000,00";"RUB";"3000,00";"RUB";"";"Переводы";"";"Михаил С.";"0,00";"0,00";"3000,00"
"07.04.2025 11:51:54";"07.04.2025";"*8596";"OK";"-453,00";"RUB";"-453,00";"RUB";"22";"Такси";"3990";"Яндекс Такси";"22,00";"0,00";"453,00"
"07.04.2025 11:51:54";"07.04.2025";"";"OK";"-7,00";"RUB";"-7,00";"RUB";"";"Переводы";"";"Перевод округлений";"0,00";"0,00";"7,00"
"07.04.2025 11:32:56";"07.04.2025";"";"OK";"24,00";"RUB";"24,00";"RUB";"";"Бонусы";"";"Повышенный кэшбэк";"0,00";"0,00";"24,00"
"07.04.2025 11:11:34";"07.04.2025";"";"OK";"1500,00";"RUB";"1500,00";"RUB";"";"Переводы";"";"Перевод между счетами";"0,00";"0,00";"1500,00"
"07.04.2025 11:11:33";"07.04.2025";"";"OK";"-1500,00";"RUB";"-1500,00";"RUB";"";"Переводы";"";"Перевод между счетами";"0,00";"0,00";"1500,00"
"03.04.2025 09:33:08";"03.04.2025";"*8596";"OK";"-666,00";"RUB";"-666,00";"RUB";"6";"Супермаркеты";"3990";"Яндекс Лавка";"6,00";"0,00";"666,00"
"03.04.2025 09:33:08";"03.04.2025";"";"OK";"-4,00";"RUB";"-4,00";"RUB";"";"Переводы";"";"Перевод округлений";"0,00";"0,00";"4,00"
"01.04.2025 19:41:57";"01.04.2025";"";"OK";"-0,01";"RUB";"-0,01";"RUB";"";"Переводы";"";"Перевод округлений";"0,00";"0,00";"0,01"
"01.04.2025 19:41:56";"01.04.2025";"*8596";"OK";"-49,99";"RUB";"-49,99";"RUB";"";"Супермаркеты";"5411";"Монетка";"0,00";"0,00";"49,99"
"01.04.2025 08:26:56";"01.04.2025";"";"OK";"-7963,00";"RUB";"-7963,00";"RUB";"";"Переводы";"";"Елена К.";"0,00";"0,00";"7963,00"
"01.04.2025 08:26:09";"01.04.2025";"";"OK";"8000,00";"RUB";"8000,00";"RUB";"";"Переводы";"";"Перевод между счетами";"0,00";"0,00";"8000,00"
"01.04.2025 08:26:08";"01.04.2025";"";"OK";"-8000,00";"RUB";"-8000,00";"RUB";"";"Переводы";"";"Перевод между счетами";"0,00";"0,00";"8000,00"
